{"train_loss": 1.1586163106717562, "train_acc": 34.041666666666664, "_timestamp": 1719276086.2434154, "_runtime": 19.48068332672119, "_step": 1, "val_loss": 1.36932373046875, "val_acc": 35.333333333333336, "_wandb": {"runtime": 214}}
