{"train_loss": 1.1800105007071244, "train_acc": 32.375, "_timestamp": 1719275179.8929894, "_runtime": 46.463459491729736, "_step": 1, "val_loss": 1.1458611726760863, "val_acc": 31.0, "_wandb": {"runtime": 45}}
