{"train_loss": 1.1852243401502307, "train_acc": 30.916666666666668, "_timestamp": 1719276438.7673512, "_runtime": 46.131070137023926, "_step": 1, "val_loss": 1.116308343410492, "val_acc": 34.666666666666664, "_wandb": {"runtime": 50}}
