{"train_loss": 1.1893131042781628, "train_acc": 33.041666666666664, "_timestamp": 1719275777.4043486, "_runtime": 62.63871669769287, "_step": 1, "val_loss": 11.959666347503662, "val_acc": 34.0, "_wandb": {"runtime": 62}}
