{"train_loss": 1.1703268320936906, "train_acc": 32.958333333333336, "_timestamp": 1719276335.4642384, "_runtime": 40.81814742088318, "_step": 1, "val_loss": 4.954246854782104, "val_acc": 32.833333333333336, "_wandb": {"runtime": 45}}
